duration,protocol_type,service,flag,src_bytes,dst_bytes,land,wrong_fragment,urgent,hot,num_failed_logins,logged_in,num_compromised,root_shell,su_attempted,num_root,num_file_creations,num_shells,num_access_files,is_host_login,is_guest_login,count,srv_count,serror_rate,srv_serror_rate,rerror_rate,srv_rerror_rate,same_srv_rate,diff_srv_rate,srv_diff_host_rate,dst_host_count,dst_host_srv_count,dst_host_same_srv_rate,dst_host_diff_srv_rate,dst_host_same_src_port_rate,dst_host_srv_diff_host_rate,dst_host_serror_rate,dst_host_srv_serror_rate,dst_host_rerror_rate,dst_host_srv_rerror_rate
278,2,40,8,1860,20,0,1,1,1,0,1,1,1,2,8,0,2,3,0,0,255,151,0.19734242024743898,0.3409103568103553,0.27047926117820875,0.6576050604662307,0.9899490736310821,0.7842518020743233,0.08785996338873836,163,434,0.009426006063391279,0.31748666109879964,0.9208529696218086,0.22404082916056278,0.37901138437957904,0.7501631326157622,0.9765479801216456,0.23525136543869996
9,2,44,0,5831,3248,0,2,1,3,0,1,5,1,2,6,0,1,1,1,1,47,261,0.03766163367111097,0.8220346622419274,0.392274753257964,0.5256679959254767,0.6418845940007067,0.2744932941537138,0.9156179627605164,261,352,0.7352278999593137,0.6364746311638677,0.3977387023072102,0.07113164559161078,0.4445348598484713,0.1209703601906017,0.8173226151646427,0.29045908154417377
382,0,61,0,9540,7354,0,1,0,2,2,0,6,1,0,4,3,0,3,0,1,217,380,0.4104696794108682,0.8232541702437438,0.11544705799092891,0.29466863722995396,0.002484824802194696,0.6412178173547175,0.3134879790836115,112,348,0.48912090612683723,0.2990337258809078,0.9864151188554612,0.3108195377561326,0.1660097952294296,0.3843769463984039,0.8081610840329481,0.36844023413565863
228,0,53,10,881,4333,1,2,1,0,0,0,5,1,1,2,4,1,3,1,1,379,11,0.7115303546525954,0.21411178917591933,0.6368350552341088,0.5979392049279855,0.2429488729280459,0.5301726914258894,0.40759792549268814,75,158,0.08437826228650236,0.5188622684468144,0.3531690619654805,0.5012945232913447,0.21539579377853535,0.6997251023771349,0.27557609256291227,0.5772355756375048
386,1,43,10,3679,3772,1,2,2,0,1,0,3,0,2,0,4,0,1,0,1,193,254,0.8113584868570973,0.35704953527368344,0.763597024107733,0.4267304587137616,0.8358378835927981,0.016118712807970836,0.3316456516277495,472,467,0.10922502986906935,0.943784588694087,0.7972280280690832,0.04083188761604373,0.8774777889208224,0.10372958261105614,0.6485053342642981,0.5161254474768292
